Name,Sex,Program,Year Level,Age Range,Facebook,Instagram,Tiktok,Total
"Limosnero, Aljur, B.",Male,BS Nursing,2,17 - 19,0.6,2.7,4.3,7.6
,Male,,,17 - 19,5,1,0,6
"Logmao, Rowan Nicollo L.",Male,BS Psychology,2,17 - 19,0.5,0.5,1,2
"Navarro, Angelo M.",Male,BS Applied Mathematics,2,20 - 22,0.516666667,2.033333333,3.833333333,6.383333333
,Male,,,,0.5,0.75,2,3.25
,Female,,,17 - 19,0.25,1,2.5,3.75
"Meriado, Gianna Betina A.",Female,BS Psychology,1,17 - 19,1.008333333,1.766666667,1.9,4.675
"Mercado, Consuelo B.",Female,BS Applied Mathematics,4,20 - 22,3.633333333,0.433333333,0.366666667,4.433333333
"Guevarra, Aaliyah S.",Female,BA Communication,2,20 - 22,0.5,8,6.666666667,15.16666667
De Ramos Alyza Marie L,Female,BS Nursing,2,17 - 19,2.714285714,0.857142857,0.857142857,4.428571429
"Sesio, Myka Janna, B.",Female,BS Tourism Management,4,20 - 22,2,0.333333333,3,5.333333333
M,Female,BS Psychology,4,20 - 22,2.666666667,1.5,2,6.166666667
"Butler, Giomelyn, M.",Female,BS Psychology,1,23 above,0,0,0,0
"Santos, Richard U.",Male,BS Applied Mathematics,3,20 - 22,2,0.5,5,7.5
"Yu, Christian Kenrich, O.",Male,BA International Studies,2,20 - 22,2,0,0,2
"Honorica, Elisha Joi R.",Female,BS Biology,2,20 - 22,0.416666667,1,0.5,1.916666667
"Alcazar, Leian Syme V.",Female,BS Psychology,1,17 - 19,0.333333333,4.433333333,0.083333333,4.85
"Palispis, Louise Elaine G.",Female,BS Psychology,4,20 - 22,1,1,1,3
,Female,BA International Studies,,17 - 19,1.316666667,2.683333333,0,4
"Tolentino, Charles Stephen Benedict R.",Male,BS Applied Mathematics,2,20 - 22,0.533333333,2.333333333,0,2.866666667
"Zarsuelo, Avagrace R.",Female,BS Applied Mathematics,1,17 - 19,2.833333333,1.5,2.333333333,6.666666667
"Borja, Rachelle Erika D.",Female,BS Applied Mathematics,3,20 - 22,2,1,2,5
"Angeles, Mika Alexie C.",Female,BA International Studies,2,20 - 22,0.8,0.033333333,0.45,1.283333333
"Glodove, Elijah Lorenz P.",Male,BS Information Technology,2,20 - 22,0.038333333,0.018333333,0.035,0.075
"Foja, Allaric, A.",Male,BS Information Technology,2,17 - 19,1,0.5,2,3.5
"Bautista, Gabrielle, Q.",Male,BS Information Technology,2,17 - 19,1.333333333,1,2,4.333333333
"Gumahin, Prince Symon Q.",Male,BA Communication,2,17 - 19,0.083333333,0.5,1,1.583333333
,Male,,,20 - 22,0.166666667,0.016666667,0,0.183333333
Chan Driz D.,Female,IAS,3,20 - 22,0.5,1,1,2.5
"Salim, Khaliq Antonio, P.",Male,BS Computer Science,1,17 - 19,0.5,1,2,3.5
"Palaje, Adrian Paul B",Male,BS Computer Science,1,17 - 19,0.508333333,1,3,4.508333333
"BANTIGUE, NICOLE ANNE S.",Female,BS Psychology,2,17 - 19,1.783333333,1.066666667,1.833333333,4.683333333
"Hicban, Clarence S.",Male,BS Computer Science,1,17 - 19,0.5,3,4,7.5
"Delos Reyes, Eunyce Jezreel M.",Female,BA Communication,2,20 - 22,2,5,10,17
"Uroa, Sophia Ysabelle, M.",Female,BA Communication,2,17 - 19,1,1,2,4
"Co, Stephanie Mae P.",Female,BS Applied Mathematics,1,17 - 19,0.008333333,0.05,0.008333333,0.066666667
"Villas, Kim Rihanna Li T.",Female,BS Applied Mathematics,1,17 - 19,0.75,0.5,4,5.25
"Nerviol, Reese Z.",Female,BS Tourism Management,1,17 - 19,0.1,2.333333333,1.001666667,3.435
"Oreta, Laurice Farah S.",Female,BS Business Administration,2,17 - 19,1.866666667,5,3.75,10.61666667
"Panis, Alessandra Lorraine T.",Female,BS Architecture,1,17 - 19,0.5,0.066666667,0.4,0.966666667
,Female,BS Psychology,2,17 - 19,0.302380952,3.133333333,0.773809523,4.209523808
N/A,Female,BS Architecture,1,17 - 19,0.083333333,4,5,9.083333333
"BUENAFLOR, BEATRIZ",Female,BS Architecture,1,17 - 19,0.166666667,4,5,9.166666667
"Agbunag, James Aaron, G.",Male,BS Architecture,5,23 above,0.025,0.016666667,0.033333333,0.075
"RAVACAL, LHYAN SAIRA, J.",Female,BS Psychology,2,17 - 19,7,0.183333333,0.216666667,7.4
"Eata, Jedd Raynier A.",Male,BS Applied Mathematics,2,20 - 22,0.666666667,0,0,0.666666667
"Dabu, Lira M.",Female,BS Applied Mathematics,2,17 - 19,1,2,0,3
"Celo, Kimberly Heart, O.",Female,BS Psychology,4,20 - 22,0.5,0.166666667,3,3.666666667
"Paglinawan, Zeus Alexis T.",Male,BS Applied Mathematics,2,17 - 19,0.483333333,1.066666667,1.516666667,3.066666667
"Seraspe, Maclyn Keith L.",Female,BA Communication,4,20 - 22,0.083333333,1,0,1.083333333
